"SNP","beta","se","pval","effect_allele","other_allele","exposure","EAF","F","chr","pos"
"rs13107325",0.423369,0.0127551020408163,2e-231,"C",NA,"SLC39A8",NA,1101.7174673832,"4",102267552
"rs13114738",0.0231,0.00102040816326531,6e-81,"T",NA,"SLC39A8",0.0779,512.479044,"4",102363708
"rs13126885",0.0081,0.000612244897959184,4e-39,"T",NA,"SLC39A8",0.5576,175.0329,"4",102252592
"rs13122985",-0.97,0.0745159589966555,1.6e-37,"A","G","SLC39A8",NA,169.451289623068,"chr4",102422659
"rs62327953",0.54,0.0431070588692634,8.4e-35,"C","G","SLC39A8",NA,156.924493097885,"chr4",102307200
"rs151407",1.037,0.086734693877551,1e-32,"G",NA,"SLC39A8",NA,142.945936,"4",102223733
"rs11736431",-0.91,0.0755275877988663,3e-32,"C","T","SLC39A8",NA,145.168221374283,"chr4",102374313
"rs13101632",1.508,0.127551020408163,5e-32,"A",NA,"SLC39A8",NA,139.7767081984,"4",102113234
"rs63519",0.0989693,0.0086734693877551,1e-31,"A",NA,"SLC39A8",NA,130.201292978926,"4",102281757
"rs13140586",-0.91,0.0762127868036872,1.1e-31,"C","T","SLC39A8",NA,142.569655406022,"chr4",102403858
"rs6855246",0.09096,0.0086734693877551,5e-29,"A",NA,"SLC39A8",0.9033,109.980376811626,"4",102191313
"rs4698846",-0.87,0.0763331664656922,6.2e-29,"C","G","SLC39A8",NA,129.900836809553,"chr4",102360752
"rs13128485",-0.85,0.0775193403364014,7.8e-27,"A","T","SLC39A8",NA,120.231347554287,"chr4",102332026
"rs17278473",-0.84,0.0767196662120637,9.3e-27,"T","C","SLC39A8",NA,119.87956622136,"chr4",102321944
"rs12510679",0.9162,0.0943877551020409,1e-22,"C",NA,"SLC39A8",NA,94.2213366107815,"4",102429428
"rs6533016",-0.8,0.0802399871000654,2.6e-22,"A","C","SLC39A8",NA,99.4027212016831,"chr4",102436096
"rs1813006",0.0503349,0.00510204081632653,3e-22,"T",NA,"SLC39A8",NA,97.3308605021122,"4",102080492
"rs17032400",-0.76,0.0772159428610389,9.2e-22,"C","T","SLC39A8",NA,96.875337123628,"chr4",102269072
"rs68103113",0.9335,0.0994897959183673,6e-21,"A",NA,"SLC39A8",NA,88.0382831190007,"4",102320791
"rs11931217",0.42,0.0438886388642894,1.3e-20,"A","C","SLC39A8",NA,91.5786751908268,"chr4",102350731
"rs151431",0.108816,0.0119897959183673,7e-20,"A",NA,"SLC39A8",0.1905,82.3686471743044,"4",102207141
"rs4699020",0.43,0.0458590883623852,8.1e-20,"T","C","SLC39A8",NA,87.919675596405,"chr4",102389430
"rs10017306",0.0566552,0.00663265306122449,2e-17,"A",NA,"SLC39A8",NA,72.9633880291885,"4",102304790
"rs2119213",-0.66,0.0805318136341865,2.6e-15,"C","T","SLC39A8",NA,67.1665298997665,"chr4",102282696
"rs35166705",0.0888857,0.011734693877551,2e-14,"T",NA,"SLC39A8",0.1854,57.3746784497255,"4",102235766
"rs797009714",0.37,0.0471415182167169,4.2e-14,"T","TA","SLC39A8",NA,61.6022135532546,"chr4",102457394
"rs4698845",-0.6,0.0785247912544527,2.1e-13,"C","T","SLC39A8",NA,58.3833377283864,"chr4",102297170
"rs372682919",0.078967,0.0127551020408163,8e-10,"T",NA,"SLC39A8",0.11955,38.3286394897638,"4",102410184
"rs77252379",0.05,0.00816326530612245,9e-10,"G",NA,"SLC39A8",NA,37.515625,"4",102349030
"rs61161339",0.057616,0.00943877551020408,1e-09,"G",NA,"SLC39A8",0.17038,37.2610332697432,"4",102171358
"rs6852794",-0.53,0.0848041393713123,3.3e-09,"A","G","SLC39A8",NA,39.058686736948,"chr4",102239053
"rs62322251",-0.53,0.0851691905157177,3.9e-09,"T","C","SLC39A8",NA,38.7245785676216,"chr4",102228652
"rs4476601",-0.49,0.0792514553572024,5e-09,"T","G","SLC39A8",NA,38.2276558490246,"chr4",102258016
"rs72937852",-0.82,0.133320196479328,6.1e-09,"T","G","SLC39A8",NA,37.8299541315343,"chr4",102749615
"rs62329496",0.063346,0.0112244897959184,1e-08,"T",NA,"SLC39A8",0.15091,31.8496873855074,"4",102375695
"rs11097768",-0.5,0.0853289092642057,3.5e-08,"A","G","SLC39A8",NA,34.335835550914,"chr4",102216555
"rs11097783",-0.72,0.122974565391912,3.6e-08,"A","C","SLC39A8",NA,34.2794937969806,"chr4",102447345
"rs1547383",-0.45,0.077741257219267,5.3e-08,"G","A","SLC39A8",NA,33.5059478467886,"chr4",102202247
"rs7672268",0.66,0.119369552641509,2.3e-07,"T","C","SLC39A8",NA,30.5703730560464,"chr4",102631701
"rs77845705",0.72,0.130403001804181,2.4e-07,"T","C","SLC39A8",NA,30.4852538272088,"chr4",102680273
"rs74833382",0.72,0.131368125061644,3e-07,"A","G","SLC39A8",NA,30.0389667245804,"chr4",102519995
"rs371681307",0.72,0.131368125061644,3e-07,"T","C","SLC39A8",NA,30.0389667245804,"chr4",102617746
"rs17033204",-1.1,0.205499191839755,6e-07,"A","C","SLC39A8",NA,28.6526723634605,"chr4",102714183
"rs149970512",1.5104384,0.086734693877551,2e-06,"T",NA,"SLC39A8",0.0205653,303.263635079703,"4",102127813
"rs230488",-0.25,0.0493676826852482,2.7e-06,"G","A","SLC39A8",NA,25.644517569908,"chr4",102467408
"rs11939175",-1,0.199723958843898,3.6e-06,"T","C","SLC39A8",NA,25.0691534250044,"chr4",101901068
"rs75406529",1.3,0.264726227195224,5.8e-06,"T","G","SLC39A8",NA,24.1153052808238,"chr4",102667977
"rs556218154",1.3,0.264726227195224,5.8e-06,"A","G","SLC39A8",NA,24.1153052808238,"chr4",102702093
"rs35910265",1.3,0.264726227195224,5.8e-06,"CATAT","C","SLC39A8",NA,24.1153052808238,"chr4",102835777
"rs4428288",1.3,0.264726227195224,5.8e-06,"G","A","SLC39A8",NA,24.1153052808238,"chr4",102859490
"rs11930327",1.3,0.264726227195224,5.8e-06,"T","C","SLC39A8",NA,24.1153052808238,"chr4",102874463
"rs569503423",1.3,0.264726227195224,5.8e-06,"A","G","SLC39A8",NA,24.1153052808238,"chr4",102897077
"rs148754142",0.66,0.134772702690532,6.2e-06,"C","T","SLC39A8",NA,23.9819225318265,"chr4",102784659
"rs143257166",-1.2,0.246869366898711,7.4e-06,"G","A","SLC39A8",NA,23.6280611155083,"chr4",102151362
"rs72688576",-1.2,0.246869366898711,7.4e-06,"C","T","SLC39A8",NA,23.6280611155083,"chr4",102171661
"rs139942659",-1.2,0.248330200003889,8.5e-06,"A","C","SLC39A8",NA,23.350888788936,"chr4",102119084
"rs116722732",-1.2,0.248820688239007,8.9e-06,"A","G","SLC39A8",NA,23.2589185624524,"chr4",101845292
"rs17031717",-1.2,0.248820688239007,8.9e-06,"G","T","SLC39A8",NA,23.2589185624524,"chr4",101859131
"rs79576654",-1.2,0.248820688239007,8.9e-06,"A","G","SLC39A8",NA,23.2589185624524,"chr4",101876046
"rs115740555",-1.2,0.248820688239007,8.9e-06,"T","C","SLC39A8",NA,23.2589185624524,"chr4",101919809
"rs151019001",-1.2,0.248820688239007,8.9e-06,"A","T","SLC39A8",NA,23.2589185624524,"chr4",101798732
"rs78605617",-1.2,0.248820688239007,8.9e-06,"T","C","SLC39A8",NA,23.2589185624524,"chr4",101888081
"rs115415817",-1.2,0.248820688239007,8.9e-06,"C","T","SLC39A8",NA,23.2589185624524,"chr4",101934688
"rs116471617",-1.2,0.248820688239007,8.9e-06,"G","A","SLC39A8",NA,23.2589185624524,"chr4",101945379
"rs182640476",0.44,0.0916144796783454,9.8e-06,"A","G","SLC39A8",NA,23.0662563445755,"chr4",101968563
