"Gencode Id","Gene Symbol","Variant Id","SNP Id","Phenotype Id","Intron Id","P-Value","NES","Tissue"
"ENSG00000105374.10","NKG7","chr19_51371711_C_T_b38","rs61128593","chr19:51372202:51372379:clu_27323_-:ENSG00000105374.10","51372202:51372379:clu_27323_-","4.3e-13","-0.96","Whole Blood"
"ENSG00000105374.10","NKG7","chr19_51358526_T_C_b38","rs76728620","chr19:51372202:51372379:clu_27323_-:ENSG00000105374.10","51372202:51372379:clu_27323_-","5.1e-10","-1.3","Whole Blood"
"ENSG00000105374.10","NKG7","chr19_51364524_C_T_b38","rs11882650","chr19:51372202:51372379:clu_27323_-:ENSG00000105374.10","51372202:51372379:clu_27323_-","8.9e-9","-0.98","Whole Blood"
"ENSG00000105374.10","NKG7","chr19_51374108_G_A_b38","rs112934698","chr19:51372202:51372379:clu_27323_-:ENSG00000105374.10","51372202:51372379:clu_27323_-","4.4e-8","-0.89","Whole Blood"
"ENSG00000105374.10","NKG7","chr19_51329017_G_A_b38","rs3890434","chr19:51372202:51372379:clu_27323_-:ENSG00000105374.10","51372202:51372379:clu_27323_-","6.4e-8","-0.73","Whole Blood"
"ENSG00000105374.10","NKG7","chr19_51381883_G_A_b38","rs112064219","chr19:51372202:51372379:clu_27323_-:ENSG00000105374.10","51372202:51372379:clu_27323_-","8.3e-8","-0.77","Whole Blood"
"ENSG00000105374.10","NKG7","chr19_51383681_G_C_b38","rs79376961","chr19:51372202:51372379:clu_27323_-:ENSG00000105374.10","51372202:51372379:clu_27323_-","8.3e-8","-0.77","Whole Blood"
"ENSG00000105374.10","NKG7","chr19_51366433_C_T_b38","rs114105512","chr19:51372202:51372379:clu_27323_-:ENSG00000105374.10","51372202:51372379:clu_27323_-","1.0e-7","-0.94","Whole Blood"
"ENSG00000105374.10","NKG7","chr19_51373465_A_G_b38","rs71358833","chr19:51372202:51372379:clu_27323_-:ENSG00000105374.10","51372202:51372379:clu_27323_-","1.8e-7","-1.0","Whole Blood"
"ENSG00000105374.10","NKG7","chr19_51375963_G_A_b38","rs114654096","chr19:51372202:51372379:clu_27323_-:ENSG00000105374.10","51372202:51372379:clu_27323_-","2.6e-7","-0.93","Whole Blood"
"ENSG00000105374.10","NKG7","chr19_51291600_T_C_b38","rs78340987","chr19:51372202:51372379:clu_27323_-:ENSG00000105374.10","51372202:51372379:clu_27323_-","2.8e-7","-0.81","Whole Blood"
"ENSG00000105374.10","NKG7","chr19_51329860_G_A_b38","rs140625936","chr19:51372202:51372379:clu_27323_-:ENSG00000105374.10","51372202:51372379:clu_27323_-","6.2e-7","-0.67","Whole Blood"
"ENSG00000105374.10","NKG7","chr19_51326057_C_T_b38","rs73551994","chr19:51372202:51372379:clu_27323_-:ENSG00000105374.10","51372202:51372379:clu_27323_-","6.5e-7","-0.63","Whole Blood"
"ENSG00000105374.10","NKG7","chr19_51288811_G_T_b38","rs73555274","chr19:51372202:51372379:clu_27323_-:ENSG00000105374.10","51372202:51372379:clu_27323_-","0.0000011","-0.78","Whole Blood"
"ENSG00000105374.10","NKG7","chr19_51291181_A_G_b38","rs10424617","chr19:51372202:51372379:clu_27323_-:ENSG00000105374.10","51372202:51372379:clu_27323_-","0.0000011","-0.78","Whole Blood"
"ENSG00000105374.10","NKG7","chr19_51291283_C_T_b38","rs10425012","chr19:51372202:51372379:clu_27323_-:ENSG00000105374.10","51372202:51372379:clu_27323_-","0.0000011","-0.78","Whole Blood"
"ENSG00000105374.10","NKG7","chr19_50877269_G_A_b38","rs198973","chr19:51372202:51372379:clu_27323_-:ENSG00000105374.10","51372202:51372379:clu_27323_-","0.0000019","-0.82","Whole Blood"